bo2023_region_id,bo2023_region_name,bo2023_lobe,bo2023_saleem_network,bo2023_neocortex_flag,bo2023_roi173,bo2023_source_sample_count,resolution_tier,resolution_group,resolution_group_members,group_plausibility_tier,public_major_anatomy,public_network_or_subdivision,public_fine_anatomy_label,public_label_synonyms,mapping_level,mapping_confidence,mapping_rule,compatible_public_dataset_labels,ivy_gap_mapping_status,do_not_use_as_exact_ground_truth,caution_note
10m,"frontal polar,area 10m[10mc+10mr]",Frontal,Orbitomedial Prefrontal Cortex (OMPFC),Yes,10m,12,low_resolution,10m,10m,single_region_low_resolution,frontal lobe,orbitomedial prefrontal cortex,orbitomedial prefrontal cortex,"10m; frontal polar,area 10m[10mc+10mr]; prefrontal cortex; orbitomedial prefrontal cortex; frontal cortex",network/subdivision,medium,mapped to prefrontal subdivision by Saleem network and region name,"AHBA/Allen Human Brain Atlas anatomical labels | GTEx tissue-level brain labels | TCGA/CGGA tumor location labels when available | Ivy GAP only as tumor microanatomic grouping, not normal-region ground truth",no_direct_normal_brain_region_mapping,True,Use as anatomical label harmonization. Do not interpret public human/tumor labels as exact Bo2023 macaque region ground truth without dataset-specific manual review.
10o,"frontal polar anterior part,area 10o",Frontal,Lateral Prefrontal Cortex,Yes,10o,12,low_resolution,Lateral Prefrontal Cortex::10o + 12l + 12r + 45 + 46d + 46v + 8A,10o | 12l | 12r | 45 | 46d | 46v | 8A,requires_manual_review,frontal lobe,lateral prefrontal cortex,lateral prefrontal cortex,"10o; frontal polar anterior part,area 10o; prefrontal cortex; lateral prefrontal cortex; frontal cortex",network/subdivision,medium,mapped to prefrontal subdivision by Saleem network and region name,"AHBA/Allen Human Brain Atlas anatomical labels | GTEx tissue-level brain labels | TCGA/CGGA tumor location labels when available | Ivy GAP only as tumor microanatomic grouping, not normal-region ground truth",no_direct_normal_brain_region_mapping,True,Use as anatomical label harmonization. Do not interpret public human/tumor labels as exact Bo2023 macaque region ground truth without dataset-specific manual review.
11l,"obrital prefrontal area,area 11l",Frontal,Orbitomedial Prefrontal Cortex (OMPFC),Yes,11l,10,low_resolution,Orbitomedial Prefrontal Cortex (OMPFC)::11l + 11m + 12m + 12o + 13a + 13b + 13l + 32,11l | 11m | 12m | 12o | 13a | 13b | 13l | 32,requires_manual_review,frontal lobe,orbitomedial prefrontal cortex,orbitomedial prefrontal cortex,"11l; obrital prefrontal area,area 11l; prefrontal cortex; orbitomedial prefrontal cortex; frontal cortex",network/subdivision,medium,mapped to prefrontal subdivision by Saleem network and region name,"AHBA/Allen Human Brain Atlas anatomical labels | GTEx tissue-level brain labels | TCGA/CGGA tumor location labels when available | Ivy GAP only as tumor microanatomic grouping, not normal-region ground truth",no_direct_normal_brain_region_mapping,True,Use as anatomical label harmonization. Do not interpret public human/tumor labels as exact Bo2023 macaque region ground truth without dataset-specific manual review.
11m,"orbital prefrontal area,area 11m",Frontal,Orbitomedial Prefrontal Cortex (OMPFC),Yes,11m,7,low_resolution,Orbitomedial Prefrontal Cortex (OMPFC)::11l + 11m + 12m + 12o + 13a + 13b + 13l + 32,11l | 11m | 12m | 12o | 13a | 13b | 13l | 32,requires_manual_review,frontal lobe,orbitomedial prefrontal cortex,orbitomedial prefrontal cortex,"11m; orbital prefrontal area,area 11m; prefrontal cortex; orbitomedial prefrontal cortex; frontal cortex",network/subdivision,medium,mapped to prefrontal subdivision by Saleem network and region name,"AHBA/Allen Human Brain Atlas anatomical labels | GTEx tissue-level brain labels | TCGA/CGGA tumor location labels when available | Ivy GAP only as tumor microanatomic grouping, not normal-region ground truth",no_direct_normal_brain_region_mapping,True,Use as anatomical label harmonization. Do not interpret public human/tumor labels as exact Bo2023 macaque region ground truth without dataset-specific manual review.
12l,"lateral prefrontal cortex,area 12l,lateral part",Frontal,Lateral Prefrontal Cortex,Yes,12l,5,low_resolution,Lateral Prefrontal Cortex::10o + 12l + 12r + 45 + 46d + 46v + 8A,10o | 12l | 12r | 45 | 46d | 46v | 8A,requires_manual_review,frontal lobe,lateral prefrontal cortex,lateral prefrontal cortex,"12l; lateral prefrontal cortex,area 12l,lateral part; prefrontal cortex; lateral prefrontal cortex; frontal cortex",network/subdivision,medium,mapped to prefrontal subdivision by Saleem network and region name,"AHBA/Allen Human Brain Atlas anatomical labels | GTEx tissue-level brain labels | TCGA/CGGA tumor location labels when available | Ivy GAP only as tumor microanatomic grouping, not normal-region ground truth",no_direct_normal_brain_region_mapping,True,Use as anatomical label harmonization. Do not interpret public human/tumor labels as exact Bo2023 macaque region ground truth without dataset-specific manual review.
12m,"lateral prefrontal cortex,area 12m,medial part",Frontal,Orbitomedial Prefrontal Cortex (OMPFC),Yes,12m,7,low_resolution,Orbitomedial Prefrontal Cortex (OMPFC)::11l + 11m + 12m + 12o + 13a + 13b + 13l + 32,11l | 11m | 12m | 12o | 13a | 13b | 13l | 32,requires_manual_review,frontal lobe,orbitomedial prefrontal cortex,orbitomedial prefrontal cortex,"12m; lateral prefrontal cortex,area 12m,medial part; prefrontal cortex; orbitomedial prefrontal cortex; frontal cortex",network/subdivision,medium,mapped to prefrontal subdivision by Saleem network and region name,"AHBA/Allen Human Brain Atlas anatomical labels | GTEx tissue-level brain labels | TCGA/CGGA tumor location labels when available | Ivy GAP only as tumor microanatomic grouping, not normal-region ground truth",no_direct_normal_brain_region_mapping,True,Use as anatomical label harmonization. Do not interpret public human/tumor labels as exact Bo2023 macaque region ground truth without dataset-specific manual review.
12o,"lateral prefrontal cortex,area 12o,orbital part",Frontal,Orbitomedial Prefrontal Cortex (OMPFC),Yes,12o,6,low_resolution,Orbitomedial Prefrontal Cortex (OMPFC)::11l + 11m + 12m + 12o + 13a + 13b + 13l + 32,11l | 11m | 12m | 12o | 13a | 13b | 13l | 32,requires_manual_review,frontal lobe,orbitomedial prefrontal cortex,orbitomedial prefrontal cortex,"12o; lateral prefrontal cortex,area 12o,orbital part; prefrontal cortex; orbitomedial prefrontal cortex; frontal cortex",network/subdivision,medium,mapped to prefrontal subdivision by Saleem network and region name,"AHBA/Allen Human Brain Atlas anatomical labels | GTEx tissue-level brain labels | TCGA/CGGA tumor location labels when available | Ivy GAP only as tumor microanatomic grouping, not normal-region ground truth",no_direct_normal_brain_region_mapping,True,Use as anatomical label harmonization. Do not interpret public human/tumor labels as exact Bo2023 macaque region ground truth without dataset-specific manual review.
12r,"lateral prefrontal cortex,area 12r,rostal part?",Frontal,Lateral Prefrontal Cortex,Yes,12r,8,low_resolution,Lateral Prefrontal Cortex::10o + 12l + 12r + 45 + 46d + 46v + 8A,10o | 12l | 12r | 45 | 46d | 46v | 8A,requires_manual_review,frontal lobe,lateral prefrontal cortex,lateral prefrontal cortex,"12r; lateral prefrontal cortex,area 12r,rostal part?; prefrontal cortex; lateral prefrontal cortex; frontal cortex",network/subdivision,medium,mapped to prefrontal subdivision by Saleem network and region name,"AHBA/Allen Human Brain Atlas anatomical labels | GTEx tissue-level brain labels | TCGA/CGGA tumor location labels when available | Ivy GAP only as tumor microanatomic grouping, not normal-region ground truth",no_direct_normal_brain_region_mapping,True,Use as anatomical label harmonization. Do not interpret public human/tumor labels as exact Bo2023 macaque region ground truth without dataset-specific manual review.
13a,"orbitomedial prefrontal cortex,area 13a",Frontal,Orbitomedial Prefrontal Cortex (OMPFC),Yes,13a,6,low_resolution,Orbitomedial Prefrontal Cortex (OMPFC)::11l + 11m + 12m + 12o + 13a + 13b + 13l + 32,11l | 11m | 12m | 12o | 13a | 13b | 13l | 32,requires_manual_review,frontal lobe,orbitomedial prefrontal cortex,orbitomedial prefrontal cortex,"13a; orbitomedial prefrontal cortex,area 13a; prefrontal cortex; orbitomedial prefrontal cortex; frontal cortex",network/subdivision,medium,mapped to prefrontal subdivision by Saleem network and region name,"AHBA/Allen Human Brain Atlas anatomical labels | GTEx tissue-level brain labels | TCGA/CGGA tumor location labels when available | Ivy GAP only as tumor microanatomic grouping, not normal-region ground truth",no_direct_normal_brain_region_mapping,True,Use as anatomical label harmonization. Do not interpret public human/tumor labels as exact Bo2023 macaque region ground truth without dataset-specific manual review.
13b,"orbitomedial prefrontal cortex,area 13b",Frontal,Orbitomedial Prefrontal Cortex (OMPFC),Yes,13b,10,low_resolution,Orbitomedial Prefrontal Cortex (OMPFC)::11l + 11m + 12m + 12o + 13a + 13b + 13l + 32,11l | 11m | 12m | 12o | 13a | 13b | 13l | 32,requires_manual_review,frontal lobe,orbitomedial prefrontal cortex,orbitomedial prefrontal cortex,"13b; orbitomedial prefrontal cortex,area 13b; prefrontal cortex; orbitomedial prefrontal cortex; frontal cortex",network/subdivision,medium,mapped to prefrontal subdivision by Saleem network and region name,"AHBA/Allen Human Brain Atlas anatomical labels | GTEx tissue-level brain labels | TCGA/CGGA tumor location labels when available | Ivy GAP only as tumor microanatomic grouping, not normal-region ground truth",no_direct_normal_brain_region_mapping,True,Use as anatomical label harmonization. Do not interpret public human/tumor labels as exact Bo2023 macaque region ground truth without dataset-specific manual review.
13l,"orbitomedial prefrontal cortex,area 13l",Frontal,Orbitomedial Prefrontal Cortex (OMPFC),Yes,13l,9,low_resolution,Orbitomedial Prefrontal Cortex (OMPFC)::11l + 11m + 12m + 12o + 13a + 13b + 13l + 32,11l | 11m | 12m | 12o | 13a | 13b | 13l | 32,requires_manual_review,frontal lobe,orbitomedial prefrontal cortex,orbitomedial prefrontal cortex,"13l; orbitomedial prefrontal cortex,area 13l; prefrontal cortex; orbitomedial prefrontal cortex; frontal cortex",network/subdivision,medium,mapped to prefrontal subdivision by Saleem network and region name,"AHBA/Allen Human Brain Atlas anatomical labels | GTEx tissue-level brain labels | TCGA/CGGA tumor location labels when available | Ivy GAP only as tumor microanatomic grouping, not normal-region ground truth",no_direct_normal_brain_region_mapping,True,Use as anatomical label harmonization. Do not interpret public human/tumor labels as exact Bo2023 macaque region ground truth without dataset-specific manual review.
13m,"orbitomedial prefrontal cortex,area 13m",Frontal,Orbitomedial Prefrontal Cortex (OMPFC),Yes,13m,7,low_resolution,13m,13m,single_region_low_resolution,frontal lobe,orbitomedial prefrontal cortex,orbitomedial prefrontal cortex,"13m; orbitomedial prefrontal cortex,area 13m; prefrontal cortex; orbitomedial prefrontal cortex; frontal cortex",network/subdivision,medium,mapped to prefrontal subdivision by Saleem network and region name,"AHBA/Allen Human Brain Atlas anatomical labels | GTEx tissue-level brain labels | TCGA/CGGA tumor location labels when available | Ivy GAP only as tumor microanatomic grouping, not normal-region ground truth",no_direct_normal_brain_region_mapping,True,Use as anatomical label harmonization. Do not interpret public human/tumor labels as exact Bo2023 macaque region ground truth without dataset-specific manual review.
14c,"orbitomedial prefrontal area,14c",Frontal,Orbitomedial Prefrontal Cortex (OMPFC),Yes,14c,8,low_resolution,Orbitomedial Prefrontal Cortex (OMPFC)::14c + 14r + 25,14c | 14r | 25,strong_internal_support,frontal lobe,orbitomedial prefrontal cortex,orbitomedial prefrontal cortex,"14c; orbitomedial prefrontal area,14c; prefrontal cortex; orbitomedial prefrontal cortex; frontal cortex",network/subdivision,medium,mapped to prefrontal subdivision by Saleem network and region name,"AHBA/Allen Human Brain Atlas anatomical labels | GTEx tissue-level brain labels | TCGA/CGGA tumor location labels when available | Ivy GAP only as tumor microanatomic grouping, not normal-region ground truth",no_direct_normal_brain_region_mapping,True,Use as anatomical label harmonization. Do not interpret public human/tumor labels as exact Bo2023 macaque region ground truth without dataset-specific manual review.
14r,"orbitomedial prefrontal area,14r",Frontal,Orbitomedial Prefrontal Cortex (OMPFC),Yes,14r,10,low_resolution,Orbitomedial Prefrontal Cortex (OMPFC)::14c + 14r + 25,14c | 14r | 25,strong_internal_support,frontal lobe,orbitomedial prefrontal cortex,orbitomedial prefrontal cortex,"14r; orbitomedial prefrontal area,14r; prefrontal cortex; orbitomedial prefrontal cortex; frontal cortex",network/subdivision,medium,mapped to prefrontal subdivision by Saleem network and region name,"AHBA/Allen Human Brain Atlas anatomical labels | GTEx tissue-level brain labels | TCGA/CGGA tumor location labels when available | Ivy GAP only as tumor microanatomic grouping, not normal-region ground truth",no_direct_normal_brain_region_mapping,True,Use as anatomical label harmonization. Do not interpret public human/tumor labels as exact Bo2023 macaque region ground truth without dataset-specific manual review.
23a,23a,Cingulate,Cingulate gyrus,Yes,23a,1,low_resolution,23a,23a,single_region_low_resolution,cingulate cortex,cingulate cortex,cingulate cortex,23a; 23a; cingulate cortex; cingulate gyrus,major_structure,medium,mapped to major cortical structure by Bo2023 lobe/network,"AHBA/Allen Human Brain Atlas anatomical labels | GTEx tissue-level brain labels | TCGA/CGGA tumor location labels when available | Ivy GAP only as tumor microanatomic grouping, not normal-region ground truth",no_direct_normal_brain_region_mapping,True,Use as anatomical label harmonization. Do not interpret public human/tumor labels as exact Bo2023 macaque region ground truth without dataset-specific manual review.
23b,"posterior cingulate cortex,area 23b",Cingulate,Cingulate gyrus,Yes,23b,4,low_resolution,Cingulate gyrus::23b + 23c + 24b',23b | 23c | 24b',strong_internal_support,cingulate cortex,cingulate cortex,cingulate cortex,"23b; posterior cingulate cortex,area 23b; cingulate cortex; cingulate gyrus",major_structure,medium,mapped to major cortical structure by Bo2023 lobe/network,"AHBA/Allen Human Brain Atlas anatomical labels | GTEx tissue-level brain labels | TCGA/CGGA tumor location labels when available | Ivy GAP only as tumor microanatomic grouping, not normal-region ground truth",no_direct_normal_brain_region_mapping,True,Use as anatomical label harmonization. Do not interpret public human/tumor labels as exact Bo2023 macaque region ground truth without dataset-specific manual review.
23c,"posterior cingulate cortex,area 23c",Cingulate,Cingulate gyrus,Yes,23c,5,low_resolution,Cingulate gyrus::23b + 23c + 24b',23b | 23c | 24b',strong_internal_support,cingulate cortex,cingulate cortex,cingulate cortex,"23c; posterior cingulate cortex,area 23c; cingulate cortex; cingulate gyrus",major_structure,medium,mapped to major cortical structure by Bo2023 lobe/network,"AHBA/Allen Human Brain Atlas anatomical labels | GTEx tissue-level brain labels | TCGA/CGGA tumor location labels when available | Ivy GAP only as tumor microanatomic grouping, not normal-region ground truth",no_direct_normal_brain_region_mapping,True,Use as anatomical label harmonization. Do not interpret public human/tumor labels as exact Bo2023 macaque region ground truth without dataset-specific manual review.
24a,"anterior cingulate cortex,area 24a",Cingulate,Cingulate gyrus,Yes,24a,2,low_resolution,24a,24a,single_region_low_resolution,cingulate cortex,cingulate cortex,cingulate cortex,"24a; anterior cingulate cortex,area 24a; cingulate cortex; cingulate gyrus",major_structure,medium,mapped to major cortical structure by Bo2023 lobe/network,"AHBA/Allen Human Brain Atlas anatomical labels | GTEx tissue-level brain labels | TCGA/CGGA tumor location labels when available | Ivy GAP only as tumor microanatomic grouping, not normal-region ground truth",no_direct_normal_brain_region_mapping,True,Use as anatomical label harmonization. Do not interpret public human/tumor labels as exact Bo2023 macaque region ground truth without dataset-specific manual review.
24a',"anterior cingulate cortex,area 24a'",Cingulate,Cingulate gyrus,Yes,24a',3,low_resolution,24a',24a',single_region_low_resolution,cingulate cortex,cingulate cortex,cingulate cortex,"24a'; anterior cingulate cortex,area 24a'; cingulate cortex; cingulate gyrus",major_structure,medium,mapped to major cortical structure by Bo2023 lobe/network,"AHBA/Allen Human Brain Atlas anatomical labels | GTEx tissue-level brain labels | TCGA/CGGA tumor location labels when available | Ivy GAP only as tumor microanatomic grouping, not normal-region ground truth",no_direct_normal_brain_region_mapping,True,Use as anatomical label harmonization. Do not interpret public human/tumor labels as exact Bo2023 macaque region ground truth without dataset-specific manual review.
24b,"anterior cingulate cortex,area 24b",Cingulate,Cingulate gyrus,Yes,24b,3,low_resolution,24b,24b,single_region_low_resolution,cingulate cortex,cingulate cortex,cingulate cortex,"24b; anterior cingulate cortex,area 24b; cingulate cortex; cingulate gyrus",major_structure,medium,mapped to major cortical structure by Bo2023 lobe/network,"AHBA/Allen Human Brain Atlas anatomical labels | GTEx tissue-level brain labels | TCGA/CGGA tumor location labels when available | Ivy GAP only as tumor microanatomic grouping, not normal-region ground truth",no_direct_normal_brain_region_mapping,True,Use as anatomical label harmonization. Do not interpret public human/tumor labels as exact Bo2023 macaque region ground truth without dataset-specific manual review.
24b',"anterior cingulate cortex,area 24b'",Cingulate,Cingulate gyrus,Yes,24b',3,low_resolution,Cingulate gyrus::23b + 23c + 24b',23b | 23c | 24b',strong_internal_support,cingulate cortex,cingulate cortex,cingulate cortex,"24b'; anterior cingulate cortex,area 24b'; cingulate cortex; cingulate gyrus",major_structure,medium,mapped to major cortical structure by Bo2023 lobe/network,"AHBA/Allen Human Brain Atlas anatomical labels | GTEx tissue-level brain labels | TCGA/CGGA tumor location labels when available | Ivy GAP only as tumor microanatomic grouping, not normal-region ground truth",no_direct_normal_brain_region_mapping,True,Use as anatomical label harmonization. Do not interpret public human/tumor labels as exact Bo2023 macaque region ground truth without dataset-specific manual review.
24c,"anterior cingulate cortex,area 24c",Cingulate,Cingulate gyrus,Yes,24c,12,low_resolution,24c,24c,single_region_low_resolution,cingulate cortex,cingulate cortex,cingulate cortex,"24c; anterior cingulate cortex,area 24c; cingulate cortex; cingulate gyrus",major_structure,medium,mapped to major cortical structure by Bo2023 lobe/network,"AHBA/Allen Human Brain Atlas anatomical labels | GTEx tissue-level brain labels | TCGA/CGGA tumor location labels when available | Ivy GAP only as tumor microanatomic grouping, not normal-region ground truth",no_direct_normal_brain_region_mapping,True,Use as anatomical label harmonization. Do not interpret public human/tumor labels as exact Bo2023 macaque region ground truth without dataset-specific manual review.
24c',"anterior cingulate cortex,area 24c'",Cingulate,Cingulate gyrus,Yes,24c',5,low_resolution,24c',24c',single_region_low_resolution,cingulate cortex,cingulate cortex,cingulate cortex,"24c'; anterior cingulate cortex,area 24c'; cingulate cortex; cingulate gyrus",major_structure,medium,mapped to major cortical structure by Bo2023 lobe/network,"AHBA/Allen Human Brain Atlas anatomical labels | GTEx tissue-level brain labels | TCGA/CGGA tumor location labels when available | Ivy GAP only as tumor microanatomic grouping, not normal-region ground truth",no_direct_normal_brain_region_mapping,True,Use as anatomical label harmonization. Do not interpret public human/tumor labels as exact Bo2023 macaque region ground truth without dataset-specific manual review.
25,"subgenual cingulate cortex,area 25",Frontal,Orbitomedial Prefrontal Cortex (OMPFC),Yes,25,4,low_resolution,Orbitomedial Prefrontal Cortex (OMPFC)::14c + 14r + 25,14c | 14r | 25,strong_internal_support,frontal lobe,orbitomedial prefrontal cortex,orbitomedial prefrontal cortex,"25; subgenual cingulate cortex,area 25; prefrontal cortex; orbitomedial prefrontal cortex; frontal cortex",network/subdivision,medium,mapped to prefrontal subdivision by Saleem network and region name,"AHBA/Allen Human Brain Atlas anatomical labels | GTEx tissue-level brain labels | TCGA/CGGA tumor location labels when available | Ivy GAP only as tumor microanatomic grouping, not normal-region ground truth",no_direct_normal_brain_region_mapping,True,Use as anatomical label harmonization. Do not interpret public human/tumor labels as exact Bo2023 macaque region ground truth without dataset-specific manual review.
31,31,Cingulate,Cingulate gyrus,Yes,31,1,low_resolution,31,31,single_region_low_resolution,cingulate cortex,cingulate cortex,cingulate cortex,31; 31; cingulate cortex; cingulate gyrus,major_structure,medium,mapped to major cortical structure by Bo2023 lobe/network,"AHBA/Allen Human Brain Atlas anatomical labels | GTEx tissue-level brain labels | TCGA/CGGA tumor location labels when available | Ivy GAP only as tumor microanatomic grouping, not normal-region ground truth",no_direct_normal_brain_region_mapping,True,Use as anatomical label harmonization. Do not interpret public human/tumor labels as exact Bo2023 macaque region ground truth without dataset-specific manual review.
32,"orbitomedial prefrontal cortex,area 32",Frontal,Orbitomedial Prefrontal Cortex (OMPFC),Yes,32,8,low_resolution,Orbitomedial Prefrontal Cortex (OMPFC)::11l + 11m + 12m + 12o + 13a + 13b + 13l + 32,11l | 11m | 12m | 12o | 13a | 13b | 13l | 32,requires_manual_review,frontal lobe,orbitomedial prefrontal cortex,orbitomedial prefrontal cortex,"32; orbitomedial prefrontal cortex,area 32; prefrontal cortex; orbitomedial prefrontal cortex; frontal cortex",network/subdivision,medium,mapped to prefrontal subdivision by Saleem network and region name,"AHBA/Allen Human Brain Atlas anatomical labels | GTEx tissue-level brain labels | TCGA/CGGA tumor location labels when available | Ivy GAP only as tumor microanatomic grouping, not normal-region ground truth",no_direct_normal_brain_region_mapping,True,Use as anatomical label harmonization. Do not interpret public human/tumor labels as exact Bo2023 macaque region ground truth without dataset-specific manual review.
36c,"area 36 of the perirhinal cortex, caudal subregion",Temporal,Temporal,Yes,36c,2,low_resolution,36c,36c,single_region_low_resolution,temporal lobe,temporal cortex,temporal cortex,"36c; area 36 of the perirhinal cortex, caudal subregion; temporal cortex; temporal cortex",lobe/network,medium,mapped by Bo2023 lobe and Saleem network; exact cross-species area identity is not assumed,"AHBA/Allen Human Brain Atlas anatomical labels | GTEx tissue-level brain labels | TCGA/CGGA tumor location labels when available | Ivy GAP only as tumor microanatomic grouping, not normal-region ground truth",no_direct_normal_brain_region_mapping,True,Use as anatomical label harmonization. Do not interpret public human/tumor labels as exact Bo2023 macaque region ground truth without dataset-specific manual review.
3a/b,somatosensory areas 3a and 3b,Parietal,"Parietal, and Parieto-occipital region",Yes,3a/b,11,low_resolution,3a/b,3a/b,single_region_low_resolution,parietal lobe,parietal/parieto-occipital cortex,primary somatosensory cortex,primary somatosensory cortex; areas 3a/3b,exact/common_anatomical_name,high,mapped by widely used anatomical name shared across macaque and public brain datasets,"AHBA/Allen Human Brain Atlas anatomical labels | GTEx tissue-level brain labels | TCGA/CGGA tumor location labels when available | Ivy GAP only as tumor microanatomic grouping, not normal-region ground truth",no_direct_normal_brain_region_mapping,True,Use as anatomical label harmonization. Do not interpret public human/tumor labels as exact Bo2023 macaque region ground truth without dataset-specific manual review.
44,area 44,Frontal,Lateral Prefrontal Cortex,Yes,44,5,low_resolution,44,44,single_region_low_resolution,frontal lobe,lateral prefrontal cortex,lateral prefrontal cortex,44; area 44; prefrontal cortex; lateral prefrontal cortex; frontal cortex,network/subdivision,medium,mapped to prefrontal subdivision by Saleem network and region name,"AHBA/Allen Human Brain Atlas anatomical labels | GTEx tissue-level brain labels | TCGA/CGGA tumor location labels when available | Ivy GAP only as tumor microanatomic grouping, not normal-region ground truth",no_direct_normal_brain_region_mapping,True,Use as anatomical label harmonization. Do not interpret public human/tumor labels as exact Bo2023 macaque region ground truth without dataset-specific manual review.
44563,44563,Parietal,"Parietal, and Parieto-occipital region",Yes,44563,12,low_resolution,"Parietal, and Parieto-occipital region::44563 + 5 + 7a + 7b + 7m + 7op + LIPv + VIP",44563 | 5 | 7a | 7b | 7m | 7op | LIPv | VIP,requires_manual_review,parietal lobe,parietal/parieto-occipital cortex,parietal/parieto-occipital cortex,44563; 44563; parietal/parieto-occipital cortex; parietal cortex,lobe/network,medium,mapped by Bo2023 lobe and Saleem network; exact cross-species area identity is not assumed,"AHBA/Allen Human Brain Atlas anatomical labels | GTEx tissue-level brain labels | TCGA/CGGA tumor location labels when available | Ivy GAP only as tumor microanatomic grouping, not normal-region ground truth",no_direct_normal_brain_region_mapping,True,Use as anatomical label harmonization. Do not interpret public human/tumor labels as exact Bo2023 macaque region ground truth without dataset-specific manual review.
45,area 45[45A+45B],Frontal,Lateral Prefrontal Cortex,Yes,45,10,low_resolution,Lateral Prefrontal Cortex::10o + 12l + 12r + 45 + 46d + 46v + 8A,10o | 12l | 12r | 45 | 46d | 46v | 8A,requires_manual_review,frontal lobe,lateral prefrontal cortex,lateral prefrontal cortex,45; area 45[45A+45B]; prefrontal cortex; lateral prefrontal cortex; frontal cortex,network/subdivision,medium,mapped to prefrontal subdivision by Saleem network and region name,"AHBA/Allen Human Brain Atlas anatomical labels | GTEx tissue-level brain labels | TCGA/CGGA tumor location labels when available | Ivy GAP only as tumor microanatomic grouping, not normal-region ground truth",no_direct_normal_brain_region_mapping,True,Use as anatomical label harmonization. Do not interpret public human/tumor labels as exact Bo2023 macaque region ground truth without dataset-specific manual review.
46d,"area 46, dorsal subdivision",Frontal,Lateral Prefrontal Cortex,Yes,46d,10,low_resolution,Lateral Prefrontal Cortex::10o + 12l + 12r + 45 + 46d + 46v + 8A,10o | 12l | 12r | 45 | 46d | 46v | 8A,requires_manual_review,frontal lobe,lateral prefrontal cortex,lateral prefrontal cortex,"46d; area 46, dorsal subdivision; prefrontal cortex; lateral prefrontal cortex; frontal cortex",network/subdivision,medium,mapped to prefrontal subdivision by Saleem network and region name,"AHBA/Allen Human Brain Atlas anatomical labels | GTEx tissue-level brain labels | TCGA/CGGA tumor location labels when available | Ivy GAP only as tumor microanatomic grouping, not normal-region ground truth",no_direct_normal_brain_region_mapping,True,Use as anatomical label harmonization. Do not interpret public human/tumor labels as exact Bo2023 macaque region ground truth without dataset-specific manual review.
46v,"area 46, ventral subdivision",Frontal,Lateral Prefrontal Cortex,Yes,46v,9,low_resolution,Lateral Prefrontal Cortex::10o + 12l + 12r + 45 + 46d + 46v + 8A,10o | 12l | 12r | 45 | 46d | 46v | 8A,requires_manual_review,frontal lobe,lateral prefrontal cortex,lateral prefrontal cortex,"46v; area 46, ventral subdivision; prefrontal cortex; lateral prefrontal cortex; frontal cortex",network/subdivision,medium,mapped to prefrontal subdivision by Saleem network and region name,"AHBA/Allen Human Brain Atlas anatomical labels | GTEx tissue-level brain labels | TCGA/CGGA tumor location labels when available | Ivy GAP only as tumor microanatomic grouping, not normal-region ground truth",no_direct_normal_brain_region_mapping,True,Use as anatomical label harmonization. Do not interpret public human/tumor labels as exact Bo2023 macaque region ground truth without dataset-specific manual review.
5,somatosensory area 5 (complex)[PE+PEa+PEc],Parietal,"Parietal, and Parieto-occipital region",Yes,5,10,low_resolution,"Parietal, and Parieto-occipital region::44563 + 5 + 7a + 7b + 7m + 7op + LIPv + VIP",44563 | 5 | 7a | 7b | 7m | 7op | LIPv | VIP,requires_manual_review,parietal lobe,parietal/parieto-occipital cortex,parietal/parieto-occipital cortex,5; somatosensory area 5 (complex)[PE+PEa+PEc]; parietal/parieto-occipital cortex; parietal cortex,lobe/network,medium,mapped by Bo2023 lobe and Saleem network; exact cross-species area identity is not assumed,"AHBA/Allen Human Brain Atlas anatomical labels | GTEx tissue-level brain labels | TCGA/CGGA tumor location labels when available | Ivy GAP only as tumor microanatomic grouping, not normal-region ground truth",no_direct_normal_brain_region_mapping,True,Use as anatomical label harmonization. Do not interpret public human/tumor labels as exact Bo2023 macaque region ground truth without dataset-specific manual review.
7a,visual area 7a,Parietal,"Parietal, and Parieto-occipital region",Yes,7a_(Opt/PG),10,low_resolution,"Parietal, and Parieto-occipital region::44563 + 5 + 7a + 7b + 7m + 7op + LIPv + VIP",44563 | 5 | 7a | 7b | 7m | 7op | LIPv | VIP,requires_manual_review,parietal lobe,parietal/parieto-occipital cortex,parietal/parieto-occipital cortex,7a; visual area 7a; parietal/parieto-occipital cortex; parietal cortex,lobe/network,medium,mapped by Bo2023 lobe and Saleem network; exact cross-species area identity is not assumed,"AHBA/Allen Human Brain Atlas anatomical labels | GTEx tissue-level brain labels | TCGA/CGGA tumor location labels when available | Ivy GAP only as tumor microanatomic grouping, not normal-region ground truth",no_direct_normal_brain_region_mapping,True,Use as anatomical label harmonization. Do not interpret public human/tumor labels as exact Bo2023 macaque region ground truth without dataset-specific manual review.
7b,visual area 7b,Parietal,"Parietal, and Parieto-occipital region",Yes,7b_(PFG/PF),9,low_resolution,"Parietal, and Parieto-occipital region::44563 + 5 + 7a + 7b + 7m + 7op + LIPv + VIP",44563 | 5 | 7a | 7b | 7m | 7op | LIPv | VIP,requires_manual_review,parietal lobe,parietal/parieto-occipital cortex,parietal/parieto-occipital cortex,7b; visual area 7b; parietal/parieto-occipital cortex; parietal cortex,lobe/network,medium,mapped by Bo2023 lobe and Saleem network; exact cross-species area identity is not assumed,"AHBA/Allen Human Brain Atlas anatomical labels | GTEx tissue-level brain labels | TCGA/CGGA tumor location labels when available | Ivy GAP only as tumor microanatomic grouping, not normal-region ground truth",no_direct_normal_brain_region_mapping,True,Use as anatomical label harmonization. Do not interpret public human/tumor labels as exact Bo2023 macaque region ground truth without dataset-specific manual review.
7m,area 7m in the medial parietal cortex,Parietal,"Parietal, and Parieto-occipital region",Yes,7m(PGm),6,low_resolution,"Parietal, and Parieto-occipital region::44563 + 5 + 7a + 7b + 7m + 7op + LIPv + VIP",44563 | 5 | 7a | 7b | 7m | 7op | LIPv | VIP,requires_manual_review,parietal lobe,parietal/parieto-occipital cortex,parietal/parieto-occipital cortex,7m; area 7m in the medial parietal cortex; parietal/parieto-occipital cortex; parietal cortex,lobe/network,medium,mapped by Bo2023 lobe and Saleem network; exact cross-species area identity is not assumed,"AHBA/Allen Human Brain Atlas anatomical labels | GTEx tissue-level brain labels | TCGA/CGGA tumor location labels when available | Ivy GAP only as tumor microanatomic grouping, not normal-region ground truth",no_direct_normal_brain_region_mapping,True,Use as anatomical label harmonization. Do not interpret public human/tumor labels as exact Bo2023 macaque region ground truth without dataset-specific manual review.
7op,area 7op (parietal operculum),Parietal,"Parietal, and Parieto-occipital region",Yes,7op,10,low_resolution,"Parietal, and Parieto-occipital region::44563 + 5 + 7a + 7b + 7m + 7op + LIPv + VIP",44563 | 5 | 7a | 7b | 7m | 7op | LIPv | VIP,requires_manual_review,parietal lobe,parietal/parieto-occipital cortex,parietal/parieto-occipital cortex,7op; area 7op (parietal operculum); parietal/parieto-occipital cortex; parietal cortex,lobe/network,medium,mapped by Bo2023 lobe and Saleem network; exact cross-species area identity is not assumed,"AHBA/Allen Human Brain Atlas anatomical labels | GTEx tissue-level brain labels | TCGA/CGGA tumor location labels when available | Ivy GAP only as tumor microanatomic grouping, not normal-region ground truth",no_direct_normal_brain_region_mapping,True,Use as anatomical label harmonization. Do not interpret public human/tumor labels as exact Bo2023 macaque region ground truth without dataset-specific manual review.
8A,area 8A[8Ad+8Av],Frontal,Lateral Prefrontal Cortex,Yes,8Av,9,low_resolution,Lateral Prefrontal Cortex::10o + 12l + 12r + 45 + 46d + 46v + 8A,10o | 12l | 12r | 45 | 46d | 46v | 8A,requires_manual_review,frontal lobe,lateral prefrontal cortex,lateral prefrontal cortex,8A; area 8A[8Ad+8Av]; prefrontal cortex; lateral prefrontal cortex; frontal cortex,network/subdivision,medium,mapped to prefrontal subdivision by Saleem network and region name,"AHBA/Allen Human Brain Atlas anatomical labels | GTEx tissue-level brain labels | TCGA/CGGA tumor location labels when available | Ivy GAP only as tumor microanatomic grouping, not normal-region ground truth",no_direct_normal_brain_region_mapping,True,Use as anatomical label harmonization. Do not interpret public human/tumor labels as exact Bo2023 macaque region ground truth without dataset-specific manual review.
8Bd,"area 8B,dorsal subdivision",Frontal,Lateral Prefrontal Cortex,Yes,8Bd,9,low_resolution,Lateral Prefrontal Cortex::8Bd + 8Bm + 8Bs + 9d + 9m,8Bd | 8Bm | 8Bs | 9d | 9m,moderate_internal_support,frontal lobe,lateral prefrontal cortex,lateral prefrontal cortex,"8Bd; area 8B,dorsal subdivision; prefrontal cortex; lateral prefrontal cortex; frontal cortex",network/subdivision,medium,mapped to prefrontal subdivision by Saleem network and region name,"AHBA/Allen Human Brain Atlas anatomical labels | GTEx tissue-level brain labels | TCGA/CGGA tumor location labels when available | Ivy GAP only as tumor microanatomic grouping, not normal-region ground truth",no_direct_normal_brain_region_mapping,True,Use as anatomical label harmonization. Do not interpret public human/tumor labels as exact Bo2023 macaque region ground truth without dataset-specific manual review.
8Bm,"area 8B,medial subdivision",Frontal,Lateral Prefrontal Cortex,Yes,8Bm,4,low_resolution,Lateral Prefrontal Cortex::8Bd + 8Bm + 8Bs + 9d + 9m,8Bd | 8Bm | 8Bs | 9d | 9m,moderate_internal_support,frontal lobe,lateral prefrontal cortex,lateral prefrontal cortex,"8Bm; area 8B,medial subdivision; prefrontal cortex; lateral prefrontal cortex; frontal cortex",network/subdivision,medium,mapped to prefrontal subdivision by Saleem network and region name,"AHBA/Allen Human Brain Atlas anatomical labels | GTEx tissue-level brain labels | TCGA/CGGA tumor location labels when available | Ivy GAP only as tumor microanatomic grouping, not normal-region ground truth",no_direct_normal_brain_region_mapping,True,Use as anatomical label harmonization. Do not interpret public human/tumor labels as exact Bo2023 macaque region ground truth without dataset-specific manual review.
8Bs,area 8B in the arcuate sulcus(“s” stands for sulcus),Frontal,Lateral Prefrontal Cortex,Yes,8Bs,9,low_resolution,Lateral Prefrontal Cortex::8Bd + 8Bm + 8Bs + 9d + 9m,8Bd | 8Bm | 8Bs | 9d | 9m,moderate_internal_support,frontal lobe,lateral prefrontal cortex,lateral prefrontal cortex,8Bs; area 8B in the arcuate sulcus(“s” stands for sulcus); prefrontal cortex; lateral prefrontal cortex; frontal cortex,network/subdivision,medium,mapped to prefrontal subdivision by Saleem network and region name,"AHBA/Allen Human Brain Atlas anatomical labels | GTEx tissue-level brain labels | TCGA/CGGA tumor location labels when available | Ivy GAP only as tumor microanatomic grouping, not normal-region ground truth",no_direct_normal_brain_region_mapping,True,Use as anatomical label harmonization. Do not interpret public human/tumor labels as exact Bo2023 macaque region ground truth without dataset-specific manual review.
9d,"area 9, dorsal subdivision",Frontal,Lateral Prefrontal Cortex,Yes,9d,9,low_resolution,Lateral Prefrontal Cortex::8Bd + 8Bm + 8Bs + 9d + 9m,8Bd | 8Bm | 8Bs | 9d | 9m,moderate_internal_support,frontal lobe,lateral prefrontal cortex,lateral prefrontal cortex,"9d; area 9, dorsal subdivision; prefrontal cortex; lateral prefrontal cortex; frontal cortex",network/subdivision,medium,mapped to prefrontal subdivision by Saleem network and region name,"AHBA/Allen Human Brain Atlas anatomical labels | GTEx tissue-level brain labels | TCGA/CGGA tumor location labels when available | Ivy GAP only as tumor microanatomic grouping, not normal-region ground truth",no_direct_normal_brain_region_mapping,True,Use as anatomical label harmonization. Do not interpret public human/tumor labels as exact Bo2023 macaque region ground truth without dataset-specific manual review.
9m,"area 9, medial subdivision",Frontal,Lateral Prefrontal Cortex,Yes,9m,8,low_resolution,Lateral Prefrontal Cortex::8Bd + 8Bm + 8Bs + 9d + 9m,8Bd | 8Bm | 8Bs | 9d | 9m,moderate_internal_support,frontal lobe,lateral prefrontal cortex,lateral prefrontal cortex,"9m; area 9, medial subdivision; prefrontal cortex; lateral prefrontal cortex; frontal cortex",network/subdivision,medium,mapped to prefrontal subdivision by Saleem network and region name,"AHBA/Allen Human Brain Atlas anatomical labels | GTEx tissue-level brain labels | TCGA/CGGA tumor location labels when available | Ivy GAP only as tumor microanatomic grouping, not normal-region ground truth",no_direct_normal_brain_region_mapping,True,Use as anatomical label harmonization. Do not interpret public human/tumor labels as exact Bo2023 macaque region ground truth without dataset-specific manual review.
AI,AI,Temporal,Temporal,Yes,A1,9,low_resolution,Temporal::AI + CL + CM + ML + Tpt,AI | CL | CM | ML | Tpt,moderate_internal_support,temporal lobe,temporal cortex,temporal cortex,AI; AI; temporal cortex; temporal cortex,lobe/network,medium,mapped by Bo2023 lobe and Saleem network; exact cross-species area identity is not assumed,"AHBA/Allen Human Brain Atlas anatomical labels | GTEx tissue-level brain labels | TCGA/CGGA tumor location labels when available | Ivy GAP only as tumor microanatomic grouping, not normal-region ground truth",no_direct_normal_brain_region_mapping,True,Use as anatomical label harmonization. Do not interpret public human/tumor labels as exact Bo2023 macaque region ground truth without dataset-specific manual review.
AL,"anterior lateral, belt region of the auditory cortex",Temporal,Temporal,Yes,AL,10,low_resolution,AL,AL,single_region_low_resolution,temporal lobe,temporal cortex,temporal cortex,"AL; anterior lateral, belt region of the auditory cortex; temporal cortex; temporal cortex",lobe/network,medium,mapped by Bo2023 lobe and Saleem network; exact cross-species area identity is not assumed,"AHBA/Allen Human Brain Atlas anatomical labels | GTEx tissue-level brain labels | TCGA/CGGA tumor location labels when available | Ivy GAP only as tumor microanatomic grouping, not normal-region ground truth",no_direct_normal_brain_region_mapping,True,Use as anatomical label harmonization. Do not interpret public human/tumor labels as exact Bo2023 macaque region ground truth without dataset-specific manual review.
CL,"caudal lateral, belt region of the auditory cortex",Temporal,Temporal,Yes,CL,7,low_resolution,Temporal::AI + CL + CM + ML + Tpt,AI | CL | CM | ML | Tpt,moderate_internal_support,temporal lobe,temporal cortex,temporal cortex,"CL; caudal lateral, belt region of the auditory cortex; temporal cortex; temporal cortex",lobe/network,medium,mapped by Bo2023 lobe and Saleem network; exact cross-species area identity is not assumed,"AHBA/Allen Human Brain Atlas anatomical labels | GTEx tissue-level brain labels | TCGA/CGGA tumor location labels when available | Ivy GAP only as tumor microanatomic grouping, not normal-region ground truth",no_direct_normal_brain_region_mapping,True,Use as anatomical label harmonization. Do not interpret public human/tumor labels as exact Bo2023 macaque region ground truth without dataset-specific manual review.
CM,"caudomedial, belt region of the auditory cortex",Temporal,Temporal,Yes,CM,6,low_resolution,Temporal::AI + CL + CM + ML + Tpt,AI | CL | CM | ML | Tpt,moderate_internal_support,temporal lobe,temporal cortex,temporal cortex,"CM; caudomedial, belt region of the auditory cortex; temporal cortex; temporal cortex",lobe/network,medium,mapped by Bo2023 lobe and Saleem network; exact cross-species area identity is not assumed,"AHBA/Allen Human Brain Atlas anatomical labels | GTEx tissue-level brain labels | TCGA/CGGA tumor location labels when available | Ivy GAP only as tumor microanatomic grouping, not normal-region ground truth",no_direct_normal_brain_region_mapping,True,Use as anatomical label harmonization. Do not interpret public human/tumor labels as exact Bo2023 macaque region ground truth without dataset-specific manual review.
F1,"agranular frontal area F1,M1 (Primary motor cortex)",Frontal,Frontal (agranular frontal motor areas),Yes,F1_(4),12,low_resolution,Frontal (agranular frontal motor areas)::F1 + F2 + F3 + F6 + F7,F1 | F2 | F3 | F6 | F7,moderate_internal_support,frontal lobe,primary/premotor frontal cortex,primary motor cortex,M1; primary motor cortex,exact/common_anatomical_name,high,mapped by widely used anatomical name shared across macaque and public brain datasets,"AHBA/Allen Human Brain Atlas anatomical labels | GTEx tissue-level brain labels | TCGA/CGGA tumor location labels when available | Ivy GAP only as tumor microanatomic grouping, not normal-region ground truth",no_direct_normal_brain_region_mapping,True,Use as anatomical label harmonization. Do not interpret public human/tumor labels as exact Bo2023 macaque region ground truth without dataset-specific manual review.
F2,"agranular frontal area F2,PMdc (dorsal premotor cortex, caudal)",Frontal,Frontal (agranular frontal motor areas),Yes,F2,12,low_resolution,Frontal (agranular frontal motor areas)::F1 + F2 + F3 + F6 + F7,F1 | F2 | F3 | F6 | F7,moderate_internal_support,frontal lobe,primary/premotor frontal cortex,dorsal premotor cortex,PMd; dorsal premotor cortex,exact/common_anatomical_name,high,mapped by widely used anatomical name shared across macaque and public brain datasets,"AHBA/Allen Human Brain Atlas anatomical labels | GTEx tissue-level brain labels | TCGA/CGGA tumor location labels when available | Ivy GAP only as tumor microanatomic grouping, not normal-region ground truth",no_direct_normal_brain_region_mapping,True,Use as anatomical label harmonization. Do not interpret public human/tumor labels as exact Bo2023 macaque region ground truth without dataset-specific manual review.
F3,"agranular frontal area F3,SMA (supplementary motor area)",Frontal,Frontal (agranular frontal motor areas),Yes,F3,10,low_resolution,Frontal (agranular frontal motor areas)::F1 + F2 + F3 + F6 + F7,F1 | F2 | F3 | F6 | F7,moderate_internal_support,frontal lobe,primary/premotor frontal cortex,supplementary motor area,SMA; supplementary motor area,exact/common_anatomical_name,high,mapped by widely used anatomical name shared across macaque and public brain datasets,"AHBA/Allen Human Brain Atlas anatomical labels | GTEx tissue-level brain labels | TCGA/CGGA tumor location labels when available | Ivy GAP only as tumor microanatomic grouping, not normal-region ground truth",no_direct_normal_brain_region_mapping,True,Use as anatomical label harmonization. Do not interpret public human/tumor labels as exact Bo2023 macaque region ground truth without dataset-specific manual review.
F4,"agranular frontal area F4,PMv (ventral premotor cortex)",Frontal,Frontal (agranular frontal motor areas),Yes,F4,9,low_resolution,F4,F4,single_region_low_resolution,frontal lobe,primary/premotor frontal cortex,ventral premotor cortex,PMv; ventral premotor cortex,exact/common_anatomical_name,high,mapped by widely used anatomical name shared across macaque and public brain datasets,"AHBA/Allen Human Brain Atlas anatomical labels | GTEx tissue-level brain labels | TCGA/CGGA tumor location labels when available | Ivy GAP only as tumor microanatomic grouping, not normal-region ground truth",no_direct_normal_brain_region_mapping,True,Use as anatomical label harmonization. Do not interpret public human/tumor labels as exact Bo2023 macaque region ground truth without dataset-specific manual review.
F5,"agranular frontal area F5,PMv (ventral premotor cortex)",Frontal,Frontal (agranular frontal motor areas),Yes,F5,7,low_resolution,F5,F5,single_region_low_resolution,frontal lobe,primary/premotor frontal cortex,ventral premotor cortex,PMv; ventral premotor cortex,exact/common_anatomical_name,high,mapped by widely used anatomical name shared across macaque and public brain datasets,"AHBA/Allen Human Brain Atlas anatomical labels | GTEx tissue-level brain labels | TCGA/CGGA tumor location labels when available | Ivy GAP only as tumor microanatomic grouping, not normal-region ground truth",no_direct_normal_brain_region_mapping,True,Use as anatomical label harmonization. Do not interpret public human/tumor labels as exact Bo2023 macaque region ground truth without dataset-specific manual review.
F6,"agranular frontal area F6,PreSMA (presupplementary motor area)",Frontal,Frontal (agranular frontal motor areas),Yes,F6,8,low_resolution,Frontal (agranular frontal motor areas)::F1 + F2 + F3 + F6 + F7,F1 | F2 | F3 | F6 | F7,moderate_internal_support,frontal lobe,primary/premotor frontal cortex,pre-supplementary motor area,pre-SMA; presupplementary motor area,exact/common_anatomical_name,high,mapped by widely used anatomical name shared across macaque and public brain datasets,"AHBA/Allen Human Brain Atlas anatomical labels | GTEx tissue-level brain labels | TCGA/CGGA tumor location labels when available | Ivy GAP only as tumor microanatomic grouping, not normal-region ground truth",no_direct_normal_brain_region_mapping,True,Use as anatomical label harmonization. Do not interpret public human/tumor labels as exact Bo2023 macaque region ground truth without dataset-specific manual review.
F7,"agranular frontal area F7,PMdr (dorsal premotor cortex, rostral)",Frontal,Frontal (agranular frontal motor areas),Yes,F7,7,low_resolution,Frontal (agranular frontal motor areas)::F1 + F2 + F3 + F6 + F7,F1 | F2 | F3 | F6 | F7,moderate_internal_support,frontal lobe,primary/premotor frontal cortex,dorsal premotor cortex,PMd; rostral dorsal premotor cortex,exact/common_anatomical_name,high,mapped by widely used anatomical name shared across macaque and public brain datasets,"AHBA/Allen Human Brain Atlas anatomical labels | GTEx tissue-level brain labels | TCGA/CGGA tumor location labels when available | Ivy GAP only as tumor microanatomic grouping, not normal-region ground truth",no_direct_normal_brain_region_mapping,True,Use as anatomical label harmonization. Do not interpret public human/tumor labels as exact Bo2023 macaque region ground truth without dataset-specific manual review.
FST,floor of superior temporal area,Temporal,Occipital/Temporal,Yes,FST,8,low_resolution,Occipital/Temporal::FST + MST,FST | MST,strong_internal_support,temporal lobe,visual occipital-temporal cortex,visual occipital-temporal cortex,FST; floor of superior temporal area; visual occipital-temporal cortex; temporal cortex,lobe/network,medium,mapped by Bo2023 lobe and Saleem network; exact cross-species area identity is not assumed,"AHBA/Allen Human Brain Atlas anatomical labels | GTEx tissue-level brain labels | TCGA/CGGA tumor location labels when available | Ivy GAP only as tumor microanatomic grouping, not normal-region ground truth",no_direct_normal_brain_region_mapping,True,Use as anatomical label harmonization. Do not interpret public human/tumor labels as exact Bo2023 macaque region ground truth without dataset-specific manual review.
G,gustatory cortex,Insula,Operculum/Insula,Yes,G,10,low_resolution,Operculum/Insula::G + Iapl + Id + Ig + PrCo + Ri + SII,G | Iapl | Id | Ig | PrCo | Ri | SII,requires_manual_review,insula,operculum/insula,gustatory cortex,gustatory cortex; insula,exact/common_anatomical_name,high,mapped by widely used anatomical name shared across macaque and public brain datasets,"AHBA/Allen Human Brain Atlas anatomical labels | GTEx tissue-level brain labels | TCGA/CGGA tumor location labels when available | Ivy GAP only as tumor microanatomic grouping, not normal-region ground truth",no_direct_normal_brain_region_mapping,True,Use as anatomical label harmonization. Do not interpret public human/tumor labels as exact Bo2023 macaque region ground truth without dataset-specific manual review.
GPeGPi,GPeGPi,Subcortical,Subcortical,No,GPeGPi,9,high_resolution,GPeGPi,GPeGPi,single_region_low_resolution,subcortical structures,subcortical structures,globus pallidus,globus pallidus; external globus pallidus; internal globus pallidus,exact/common_anatomical_name,high,mapped by widely used anatomical name shared across macaque and public brain datasets,"AHBA/Allen Human Brain Atlas anatomical labels | GTEx tissue-level brain labels | TCGA/CGGA tumor location labels when available | Ivy GAP only as tumor microanatomic grouping, not normal-region ground truth",no_direct_normal_brain_region_mapping,True,Use as anatomical label harmonization. Do not interpret public human/tumor labels as exact Bo2023 macaque region ground truth without dataset-specific manual review.
HC,hippocampus,Subcortical,Hippocampal formation,No,HC,8,low_resolution,HC,HC,single_region_low_resolution,subcortical structures,hippocampal formation,hippocampus,hippocampal formation; hippocampus,exact/common_anatomical_name,high,mapped by widely used anatomical name shared across macaque and public brain datasets,"AHBA/Allen Human Brain Atlas anatomical labels | GTEx tissue-level brain labels | TCGA/CGGA tumor location labels when available | Ivy GAP only as tumor microanatomic grouping, not normal-region ground truth",no_direct_normal_brain_region_mapping,True,Use as anatomical label harmonization. Do not interpret public human/tumor labels as exact Bo2023 macaque region ground truth without dataset-specific manual review.
IPa,"area Ipa,sts fundus",Temporal,Temporal,Yes,IPa,6,low_resolution,IPa,IPa,single_region_low_resolution,temporal lobe,temporal cortex,temporal cortex,"IPa; area Ipa,sts fundus; temporal cortex; temporal cortex",lobe/network,medium,mapped by Bo2023 lobe and Saleem network; exact cross-species area identity is not assumed,"AHBA/Allen Human Brain Atlas anatomical labels | GTEx tissue-level brain labels | TCGA/CGGA tumor location labels when available | Ivy GAP only as tumor microanatomic grouping, not normal-region ground truth",no_direct_normal_brain_region_mapping,True,Use as anatomical label harmonization. Do not interpret public human/tumor labels as exact Bo2023 macaque region ground truth without dataset-specific manual review.
Ia,agranular insula,Insula,Operculum/Insula,Yes,Ia,4,low_resolution,Operculum/Insula::Ia + Ial + Iapm + Pi,Ia | Ial | Iapm | Pi,strong_internal_support,insula,operculum/insula,operculum/insula,Ia; agranular insula; operculum/insula; insular cortex,major_structure,medium,mapped to major cortical structure by Bo2023 lobe/network,"AHBA/Allen Human Brain Atlas anatomical labels | GTEx tissue-level brain labels | TCGA/CGGA tumor location labels when available | Ivy GAP only as tumor microanatomic grouping, not normal-region ground truth",no_direct_normal_brain_region_mapping,True,Use as anatomical label harmonization. Do not interpret public human/tumor labels as exact Bo2023 macaque region ground truth without dataset-specific manual review.
Ial,lateral agranular insula area,Insula,Operculum/Insula,Yes,Ial,8,low_resolution,Operculum/Insula::Ia + Ial + Iapm + Pi,Ia | Ial | Iapm | Pi,strong_internal_support,insula,operculum/insula,operculum/insula,Ial; lateral agranular insula area; operculum/insula; insular cortex,major_structure,medium,mapped to major cortical structure by Bo2023 lobe/network,"AHBA/Allen Human Brain Atlas anatomical labels | GTEx tissue-level brain labels | TCGA/CGGA tumor location labels when available | Ivy GAP only as tumor microanatomic grouping, not normal-region ground truth",no_direct_normal_brain_region_mapping,True,Use as anatomical label harmonization. Do not interpret public human/tumor labels as exact Bo2023 macaque region ground truth without dataset-specific manual review.
Iapl,posterolateral agranular insula area,Insula,Operculum/Insula,Yes,Iapl,8,low_resolution,Operculum/Insula::G + Iapl + Id + Ig + PrCo + Ri + SII,G | Iapl | Id | Ig | PrCo | Ri | SII,requires_manual_review,insula,operculum/insula,operculum/insula,Iapl; posterolateral agranular insula area; operculum/insula; insular cortex,major_structure,medium,mapped to major cortical structure by Bo2023 lobe/network,"AHBA/Allen Human Brain Atlas anatomical labels | GTEx tissue-level brain labels | TCGA/CGGA tumor location labels when available | Ivy GAP only as tumor microanatomic grouping, not normal-region ground truth",no_direct_normal_brain_region_mapping,True,Use as anatomical label harmonization. Do not interpret public human/tumor labels as exact Bo2023 macaque region ground truth without dataset-specific manual review.
Iapm,posteromedial agranular insula area,Insula,Operculum/Insula,Yes,Iapm,7,low_resolution,Operculum/Insula::Ia + Ial + Iapm + Pi,Ia | Ial | Iapm | Pi,strong_internal_support,insula,operculum/insula,operculum/insula,Iapm; posteromedial agranular insula area; operculum/insula; insular cortex,major_structure,medium,mapped to major cortical structure by Bo2023 lobe/network,"AHBA/Allen Human Brain Atlas anatomical labels | GTEx tissue-level brain labels | TCGA/CGGA tumor location labels when available | Ivy GAP only as tumor microanatomic grouping, not normal-region ground truth",no_direct_normal_brain_region_mapping,True,Use as anatomical label harmonization. Do not interpret public human/tumor labels as exact Bo2023 macaque region ground truth without dataset-specific manual review.
Id,dysgranular insula,Insula,Operculum/Insula,Yes,Id,10,low_resolution,Operculum/Insula::G + Iapl + Id + Ig + PrCo + Ri + SII,G | Iapl | Id | Ig | PrCo | Ri | SII,requires_manual_review,insula,operculum/insula,operculum/insula,Id; dysgranular insula; operculum/insula; insular cortex,major_structure,medium,mapped to major cortical structure by Bo2023 lobe/network,"AHBA/Allen Human Brain Atlas anatomical labels | GTEx tissue-level brain labels | TCGA/CGGA tumor location labels when available | Ivy GAP only as tumor microanatomic grouping, not normal-region ground truth",no_direct_normal_brain_region_mapping,True,Use as anatomical label harmonization. Do not interpret public human/tumor labels as exact Bo2023 macaque region ground truth without dataset-specific manual review.
Ig,granular insula,Insula,Operculum/Insula,Yes,Ig,10,low_resolution,Operculum/Insula::G + Iapl + Id + Ig + PrCo + Ri + SII,G | Iapl | Id | Ig | PrCo | Ri | SII,requires_manual_review,insula,operculum/insula,operculum/insula,Ig; granular insula; operculum/insula; insular cortex,major_structure,medium,mapped to major cortical structure by Bo2023 lobe/network,"AHBA/Allen Human Brain Atlas anatomical labels | GTEx tissue-level brain labels | TCGA/CGGA tumor location labels when available | Ivy GAP only as tumor microanatomic grouping, not normal-region ground truth",no_direct_normal_brain_region_mapping,True,Use as anatomical label harmonization. Do not interpret public human/tumor labels as exact Bo2023 macaque region ground truth without dataset-specific manual review.
LIPd,"lateral intraparietal area, dorsal subdivision",Parietal,"Parietal, and Parieto-occipital region",Yes,LIPd,10,low_resolution,LIPd,LIPd,single_region_low_resolution,parietal lobe,parietal/parieto-occipital cortex,parietal/parieto-occipital cortex,"LIPd; lateral intraparietal area, dorsal subdivision; parietal/parieto-occipital cortex; parietal cortex",lobe/network,medium,mapped by Bo2023 lobe and Saleem network; exact cross-species area identity is not assumed,"AHBA/Allen Human Brain Atlas anatomical labels | GTEx tissue-level brain labels | TCGA/CGGA tumor location labels when available | Ivy GAP only as tumor microanatomic grouping, not normal-region ground truth",no_direct_normal_brain_region_mapping,True,Use as anatomical label harmonization. Do not interpret public human/tumor labels as exact Bo2023 macaque region ground truth without dataset-specific manual review.
LIPv,"lateral intraparietal area, ventral subdivision",Parietal,"Parietal, and Parieto-occipital region",Yes,LIPv,9,low_resolution,"Parietal, and Parieto-occipital region::44563 + 5 + 7a + 7b + 7m + 7op + LIPv + VIP",44563 | 5 | 7a | 7b | 7m | 7op | LIPv | VIP,requires_manual_review,parietal lobe,parietal/parieto-occipital cortex,parietal/parieto-occipital cortex,"LIPv; lateral intraparietal area, ventral subdivision; parietal/parieto-occipital cortex; parietal cortex",lobe/network,medium,mapped by Bo2023 lobe and Saleem network; exact cross-species area identity is not assumed,"AHBA/Allen Human Brain Atlas anatomical labels | GTEx tissue-level brain labels | TCGA/CGGA tumor location labels when available | Ivy GAP only as tumor microanatomic grouping, not normal-region ground truth",no_direct_normal_brain_region_mapping,True,Use as anatomical label harmonization. Do not interpret public human/tumor labels as exact Bo2023 macaque region ground truth without dataset-specific manual review.
ML,"middle lateral, belt region of the auditory cortex",Temporal,Temporal,Yes,ML,6,low_resolution,Temporal::AI + CL + CM + ML + Tpt,AI | CL | CM | ML | Tpt,moderate_internal_support,temporal lobe,temporal cortex,temporal cortex,"ML; middle lateral, belt region of the auditory cortex; temporal cortex; temporal cortex",lobe/network,medium,mapped by Bo2023 lobe and Saleem network; exact cross-species area identity is not assumed,"AHBA/Allen Human Brain Atlas anatomical labels | GTEx tissue-level brain labels | TCGA/CGGA tumor location labels when available | Ivy GAP only as tumor microanatomic grouping, not normal-region ground truth",no_direct_normal_brain_region_mapping,True,Use as anatomical label harmonization. Do not interpret public human/tumor labels as exact Bo2023 macaque region ground truth without dataset-specific manual review.
MST,medial superior temporal area,Temporal,Occipital/Temporal,Yes,MST,8,low_resolution,Occipital/Temporal::FST + MST,FST | MST,strong_internal_support,temporal lobe,visual occipital-temporal cortex,visual occipital-temporal cortex,MST; medial superior temporal area; visual occipital-temporal cortex; temporal cortex,lobe/network,medium,mapped by Bo2023 lobe and Saleem network; exact cross-species area identity is not assumed,"AHBA/Allen Human Brain Atlas anatomical labels | GTEx tissue-level brain labels | TCGA/CGGA tumor location labels when available | Ivy GAP only as tumor microanatomic grouping, not normal-region ground truth",no_direct_normal_brain_region_mapping,True,Use as anatomical label harmonization. Do not interpret public human/tumor labels as exact Bo2023 macaque region ground truth without dataset-specific manual review.
MT,MT,Temporal,Occipital/Temporal,Yes,MT,1,low_resolution,MT,MT,single_region_low_resolution,temporal lobe,visual occipital-temporal cortex,visual occipital-temporal cortex,MT; MT; visual occipital-temporal cortex; temporal cortex,lobe/network,medium,mapped by Bo2023 lobe and Saleem network; exact cross-species area identity is not assumed,"AHBA/Allen Human Brain Atlas anatomical labels | GTEx tissue-level brain labels | TCGA/CGGA tumor location labels when available | Ivy GAP only as tumor microanatomic grouping, not normal-region ground truth",no_direct_normal_brain_region_mapping,True,Use as anatomical label harmonization. Do not interpret public human/tumor labels as exact Bo2023 macaque region ground truth without dataset-specific manual review.
NARegion,NARegion,Subcortical,Subcortical,No,Striatum,7,low_resolution,Subcortical::NARegion + cd + pu,NARegion | cd | pu,moderate_internal_support,subcortical structures,subcortical structures,subcortical structures,NARegion; NARegion; subcortical; subcortical structures,major_structure,low,subcortical abbreviation lacks stable public-dataset synonym; use only as coarse structure unless manually curated,"AHBA/Allen Human Brain Atlas anatomical labels | GTEx tissue-level brain labels | TCGA/CGGA tumor location labels when available | Ivy GAP only as tumor microanatomic grouping, not normal-region ground truth",no_direct_normal_brain_region_mapping,True,Use as anatomical label harmonization. Do not interpret public human/tumor labels as exact Bo2023 macaque region ground truth without dataset-specific manual review.
PGa,"area Pga,dorsal bank/fundus junction of the STS",Temporal,Temporal,Yes,PGa,9,low_resolution,Temporal::PGa + STG + TAa + TEa + TEad + TEm + TPO,PGa | STG | TAa | TEa | TEad | TEm | TPO,requires_manual_review,temporal lobe,temporal cortex,temporal cortex,"PGa; area Pga,dorsal bank/fundus junction of the STS; temporal cortex; temporal cortex",lobe/network,medium,mapped by Bo2023 lobe and Saleem network; exact cross-species area identity is not assumed,"AHBA/Allen Human Brain Atlas anatomical labels | GTEx tissue-level brain labels | TCGA/CGGA tumor location labels when available | Ivy GAP only as tumor microanatomic grouping, not normal-region ground truth",no_direct_normal_brain_region_mapping,True,Use as anatomical label harmonization. Do not interpret public human/tumor labels as exact Bo2023 macaque region ground truth without dataset-specific manual review.
PL,PL,Subcortical,Subcortical,No,PL,1,low_resolution,PL,PL,single_region_low_resolution,subcortical structures,subcortical structures,subcortical structures,PL; PL; subcortical; subcortical structures,major_structure,low,subcortical abbreviation lacks stable public-dataset synonym; use only as coarse structure unless manually curated,"AHBA/Allen Human Brain Atlas anatomical labels | GTEx tissue-level brain labels | TCGA/CGGA tumor location labels when available | Ivy GAP only as tumor microanatomic grouping, not normal-region ground truth",no_direct_normal_brain_region_mapping,True,Use as anatomical label harmonization. Do not interpret public human/tumor labels as exact Bo2023 macaque region ground truth without dataset-specific manual review.
Pi,parainsular area,Insula,Operculum/Insula,Yes,Pi,4,low_resolution,Operculum/Insula::Ia + Ial + Iapm + Pi,Ia | Ial | Iapm | Pi,strong_internal_support,insula,operculum/insula,operculum/insula,Pi; parainsular area; operculum/insula; insular cortex,major_structure,medium,mapped to major cortical structure by Bo2023 lobe/network,"AHBA/Allen Human Brain Atlas anatomical labels | GTEx tissue-level brain labels | TCGA/CGGA tumor location labels when available | Ivy GAP only as tumor microanatomic grouping, not normal-region ground truth",no_direct_normal_brain_region_mapping,True,Use as anatomical label harmonization. Do not interpret public human/tumor labels as exact Bo2023 macaque region ground truth without dataset-specific manual review.
Pir,piriform cortex,Subcortical,Subcortical,No,Pir,4,low_resolution,Pir,Pir,single_region_low_resolution,subcortical structures,subcortical structures,piriform cortex,piriform cortex,exact/common_anatomical_name,high,mapped by widely used anatomical name shared across macaque and public brain datasets,"AHBA/Allen Human Brain Atlas anatomical labels | GTEx tissue-level brain labels | TCGA/CGGA tumor location labels when available | Ivy GAP only as tumor microanatomic grouping, not normal-region ground truth",no_direct_normal_brain_region_mapping,True,Use as anatomical label harmonization. Do not interpret public human/tumor labels as exact Bo2023 macaque region ground truth without dataset-specific manual review.
PrCo,PrCo,Frontal,Operculum/Insula,Yes,PrCO,8,low_resolution,Operculum/Insula::G + Iapl + Id + Ig + PrCo + Ri + SII,G | Iapl | Id | Ig | PrCo | Ri | SII,requires_manual_review,frontal lobe,operculum/insula,operculum/insula,PrCo; PrCo; operculum/insula; frontal cortex,lobe/network,medium,mapped by Bo2023 lobe and Saleem network; exact cross-species area identity is not assumed,"AHBA/Allen Human Brain Atlas anatomical labels | GTEx tissue-level brain labels | TCGA/CGGA tumor location labels when available | Ivy GAP only as tumor microanatomic grouping, not normal-region ground truth",no_direct_normal_brain_region_mapping,True,Use as anatomical label harmonization. Do not interpret public human/tumor labels as exact Bo2023 macaque region ground truth without dataset-specific manual review.
R,"rostral, core region of the auditory cortex",Temporal,Temporal,Yes,R,8,low_resolution,Temporal::R + RM,R | RM,strong_internal_support,temporal lobe,temporal cortex,temporal cortex,"R; rostral, core region of the auditory cortex; temporal cortex; temporal cortex",lobe/network,medium,mapped by Bo2023 lobe and Saleem network; exact cross-species area identity is not assumed,"AHBA/Allen Human Brain Atlas anatomical labels | GTEx tissue-level brain labels | TCGA/CGGA tumor location labels when available | Ivy GAP only as tumor microanatomic grouping, not normal-region ground truth",no_direct_normal_brain_region_mapping,True,Use as anatomical label harmonization. Do not interpret public human/tumor labels as exact Bo2023 macaque region ground truth without dataset-specific manual review.
RM,"rostromedial, belt region of the auditory cortex",Temporal,Temporal,Yes,RM,10,low_resolution,Temporal::R + RM,R | RM,strong_internal_support,temporal lobe,temporal cortex,temporal cortex,"RM; rostromedial, belt region of the auditory cortex; temporal cortex; temporal cortex",lobe/network,medium,mapped by Bo2023 lobe and Saleem network; exact cross-species area identity is not assumed,"AHBA/Allen Human Brain Atlas anatomical labels | GTEx tissue-level brain labels | TCGA/CGGA tumor location labels when available | Ivy GAP only as tumor microanatomic grouping, not normal-region ground truth",no_direct_normal_brain_region_mapping,True,Use as anatomical label harmonization. Do not interpret public human/tumor labels as exact Bo2023 macaque region ground truth without dataset-specific manual review.
RT,"rostrotemporal, core region of the auditory cortex",Temporal,Temporal,Yes,RT,4,low_resolution,Temporal::RT + RTM,RT | RTM,strong_internal_support,temporal lobe,temporal cortex,temporal cortex,"RT; rostrotemporal, core region of the auditory cortex; temporal cortex; temporal cortex",lobe/network,medium,mapped by Bo2023 lobe and Saleem network; exact cross-species area identity is not assumed,"AHBA/Allen Human Brain Atlas anatomical labels | GTEx tissue-level brain labels | TCGA/CGGA tumor location labels when available | Ivy GAP only as tumor microanatomic grouping, not normal-region ground truth",no_direct_normal_brain_region_mapping,True,Use as anatomical label harmonization. Do not interpret public human/tumor labels as exact Bo2023 macaque region ground truth without dataset-specific manual review.
RTL,"lateral rostrotemporal, belt region of the auditory cortex",Temporal,Temporal,Yes,RTL,6,low_resolution,RTL,RTL,single_region_low_resolution,temporal lobe,temporal cortex,temporal cortex,"RTL; lateral rostrotemporal, belt region of the auditory cortex; temporal cortex; temporal cortex",lobe/network,medium,mapped by Bo2023 lobe and Saleem network; exact cross-species area identity is not assumed,"AHBA/Allen Human Brain Atlas anatomical labels | GTEx tissue-level brain labels | TCGA/CGGA tumor location labels when available | Ivy GAP only as tumor microanatomic grouping, not normal-region ground truth",no_direct_normal_brain_region_mapping,True,Use as anatomical label harmonization. Do not interpret public human/tumor labels as exact Bo2023 macaque region ground truth without dataset-specific manual review.
RTM,"medial rostrotemporal, belt region of the auditory cortex",Temporal,Temporal,Yes,RTM,6,low_resolution,Temporal::RT + RTM,RT | RTM,strong_internal_support,temporal lobe,temporal cortex,temporal cortex,"RTM; medial rostrotemporal, belt region of the auditory cortex; temporal cortex; temporal cortex",lobe/network,medium,mapped by Bo2023 lobe and Saleem network; exact cross-species area identity is not assumed,"AHBA/Allen Human Brain Atlas anatomical labels | GTEx tissue-level brain labels | TCGA/CGGA tumor location labels when available | Ivy GAP only as tumor microanatomic grouping, not normal-region ground truth",no_direct_normal_brain_region_mapping,True,Use as anatomical label harmonization. Do not interpret public human/tumor labels as exact Bo2023 macaque region ground truth without dataset-specific manual review.
Ri,retroinsula,Insula,Operculum/Insula,Yes,Ri,3,low_resolution,Operculum/Insula::G + Iapl + Id + Ig + PrCo + Ri + SII,G | Iapl | Id | Ig | PrCo | Ri | SII,requires_manual_review,insula,operculum/insula,operculum/insula,Ri; retroinsula; operculum/insula; insular cortex,major_structure,medium,mapped to major cortical structure by Bo2023 lobe/network,"AHBA/Allen Human Brain Atlas anatomical labels | GTEx tissue-level brain labels | TCGA/CGGA tumor location labels when available | Ivy GAP only as tumor microanatomic grouping, not normal-region ground truth",no_direct_normal_brain_region_mapping,True,Use as anatomical label harmonization. Do not interpret public human/tumor labels as exact Bo2023 macaque region ground truth without dataset-specific manual review.
SII,secondary somatosensory area (S2),Parietal,Operculum/Insula,Yes,SII,9,low_resolution,Operculum/Insula::G + Iapl + Id + Ig + PrCo + Ri + SII,G | Iapl | Id | Ig | PrCo | Ri | SII,requires_manual_review,parietal lobe,operculum/insula,secondary somatosensory cortex,S2; secondary somatosensory cortex; parietal operculum,exact/common_anatomical_name,high,mapped by widely used anatomical name shared across macaque and public brain datasets,"AHBA/Allen Human Brain Atlas anatomical labels | GTEx tissue-level brain labels | TCGA/CGGA tumor location labels when available | Ivy GAP only as tumor microanatomic grouping, not normal-region ground truth",no_direct_normal_brain_region_mapping,True,Use as anatomical label harmonization. Do not interpret public human/tumor labels as exact Bo2023 macaque region ground truth without dataset-specific manual review.
STG,superior temporal gyrus,Temporal,Temporal,Yes,STG,15,low_resolution,Temporal::PGa + STG + TAa + TEa + TEad + TEm + TPO,PGa | STG | TAa | TEa | TEad | TEm | TPO,requires_manual_review,temporal lobe,temporal cortex,superior temporal gyrus,superior temporal gyrus; temporal cortex,exact/common_anatomical_name,high,mapped by widely used anatomical name shared across macaque and public brain datasets,"AHBA/Allen Human Brain Atlas anatomical labels | GTEx tissue-level brain labels | TCGA/CGGA tumor location labels when available | Ivy GAP only as tumor microanatomic grouping, not normal-region ground truth",no_direct_normal_brain_region_mapping,True,Use as anatomical label harmonization. Do not interpret public human/tumor labels as exact Bo2023 macaque region ground truth without dataset-specific manual review.
TAa,"area TAa,sts dorsal bank",Temporal,Temporal,Yes,TAa,5,low_resolution,Temporal::PGa + STG + TAa + TEa + TEad + TEm + TPO,PGa | STG | TAa | TEa | TEad | TEm | TPO,requires_manual_review,temporal lobe,temporal cortex,temporal cortex,"TAa; area TAa,sts dorsal bank; temporal cortex; temporal cortex",lobe/network,medium,mapped by Bo2023 lobe and Saleem network; exact cross-species area identity is not assumed,"AHBA/Allen Human Brain Atlas anatomical labels | GTEx tissue-level brain labels | TCGA/CGGA tumor location labels when available | Ivy GAP only as tumor microanatomic grouping, not normal-region ground truth",no_direct_normal_brain_region_mapping,True,Use as anatomical label harmonization. Do not interpret public human/tumor labels as exact Bo2023 macaque region ground truth without dataset-specific manual review.
TEO,area TEO,Temporal,Temporal,Yes,TEO,8,low_resolution,Temporal::TEO + TEpd + TEpv,TEO | TEpd | TEpv,strong_internal_support,temporal lobe,temporal cortex,temporal cortex,TEO; area TEO; temporal cortex; temporal cortex,lobe/network,medium,mapped by Bo2023 lobe and Saleem network; exact cross-species area identity is not assumed,"AHBA/Allen Human Brain Atlas anatomical labels | GTEx tissue-level brain labels | TCGA/CGGA tumor location labels when available | Ivy GAP only as tumor microanatomic grouping, not normal-region ground truth",no_direct_normal_brain_region_mapping,True,Use as anatomical label harmonization. Do not interpret public human/tumor labels as exact Bo2023 macaque region ground truth without dataset-specific manual review.
TEa,"area TEa,sts ventral bank",Temporal,Temporal,Yes,TEa,3,low_resolution,Temporal::PGa + STG + TAa + TEa + TEad + TEm + TPO,PGa | STG | TAa | TEa | TEad | TEm | TPO,requires_manual_review,temporal lobe,temporal cortex,temporal cortex,"TEa; area TEa,sts ventral bank; temporal cortex; temporal cortex",lobe/network,medium,mapped by Bo2023 lobe and Saleem network; exact cross-species area identity is not assumed,"AHBA/Allen Human Brain Atlas anatomical labels | GTEx tissue-level brain labels | TCGA/CGGA tumor location labels when available | Ivy GAP only as tumor microanatomic grouping, not normal-region ground truth",no_direct_normal_brain_region_mapping,True,Use as anatomical label harmonization. Do not interpret public human/tumor labels as exact Bo2023 macaque region ground truth without dataset-specific manual review.
TEad,dorsal subregion of anterior TE,Temporal,Temporal,Yes,TEad,8,low_resolution,Temporal::PGa + STG + TAa + TEa + TEad + TEm + TPO,PGa | STG | TAa | TEa | TEad | TEm | TPO,requires_manual_review,temporal lobe,temporal cortex,temporal cortex,TEad; dorsal subregion of anterior TE; temporal cortex; temporal cortex,lobe/network,medium,mapped by Bo2023 lobe and Saleem network; exact cross-species area identity is not assumed,"AHBA/Allen Human Brain Atlas anatomical labels | GTEx tissue-level brain labels | TCGA/CGGA tumor location labels when available | Ivy GAP only as tumor microanatomic grouping, not normal-region ground truth",no_direct_normal_brain_region_mapping,True,Use as anatomical label harmonization. Do not interpret public human/tumor labels as exact Bo2023 macaque region ground truth without dataset-specific manual review.
TEav,ventral subregion of anterior TE,Temporal,Temporal,Yes,TEav,9,low_resolution,Temporal::TEav + TFO,TEav | TFO,strong_internal_support,temporal lobe,temporal cortex,temporal cortex,TEav; ventral subregion of anterior TE; temporal cortex; temporal cortex,lobe/network,medium,mapped by Bo2023 lobe and Saleem network; exact cross-species area identity is not assumed,"AHBA/Allen Human Brain Atlas anatomical labels | GTEx tissue-level brain labels | TCGA/CGGA tumor location labels when available | Ivy GAP only as tumor microanatomic grouping, not normal-region ground truth",no_direct_normal_brain_region_mapping,True,Use as anatomical label harmonization. Do not interpret public human/tumor labels as exact Bo2023 macaque region ground truth without dataset-specific manual review.
TEm,"area TEm,sts ventral bank",Temporal,Temporal,Yes,TEm,10,low_resolution,Temporal::PGa + STG + TAa + TEa + TEad + TEm + TPO,PGa | STG | TAa | TEa | TEad | TEm | TPO,requires_manual_review,temporal lobe,temporal cortex,temporal cortex,"TEm; area TEm,sts ventral bank; temporal cortex; temporal cortex",lobe/network,medium,mapped by Bo2023 lobe and Saleem network; exact cross-species area identity is not assumed,"AHBA/Allen Human Brain Atlas anatomical labels | GTEx tissue-level brain labels | TCGA/CGGA tumor location labels when available | Ivy GAP only as tumor microanatomic grouping, not normal-region ground truth",no_direct_normal_brain_region_mapping,True,Use as anatomical label harmonization. Do not interpret public human/tumor labels as exact Bo2023 macaque region ground truth without dataset-specific manual review.
TEpd,dorsal subregion of posterior TE,Temporal,Temporal,Yes,TEpd,8,low_resolution,Temporal::TEO + TEpd + TEpv,TEO | TEpd | TEpv,strong_internal_support,temporal lobe,temporal cortex,temporal cortex,TEpd; dorsal subregion of posterior TE; temporal cortex; temporal cortex,lobe/network,medium,mapped by Bo2023 lobe and Saleem network; exact cross-species area identity is not assumed,"AHBA/Allen Human Brain Atlas anatomical labels | GTEx tissue-level brain labels | TCGA/CGGA tumor location labels when available | Ivy GAP only as tumor microanatomic grouping, not normal-region ground truth",no_direct_normal_brain_region_mapping,True,Use as anatomical label harmonization. Do not interpret public human/tumor labels as exact Bo2023 macaque region ground truth without dataset-specific manual review.
TEpv,ventral subregion of posterior TE,Temporal,Temporal,Yes,TEpv,7,low_resolution,Temporal::TEO + TEpd + TEpv,TEO | TEpd | TEpv,strong_internal_support,temporal lobe,temporal cortex,temporal cortex,TEpv; ventral subregion of posterior TE; temporal cortex; temporal cortex,lobe/network,medium,mapped by Bo2023 lobe and Saleem network; exact cross-species area identity is not assumed,"AHBA/Allen Human Brain Atlas anatomical labels | GTEx tissue-level brain labels | TCGA/CGGA tumor location labels when available | Ivy GAP only as tumor microanatomic grouping, not normal-region ground truth",no_direct_normal_brain_region_mapping,True,Use as anatomical label harmonization. Do not interpret public human/tumor labels as exact Bo2023 macaque region ground truth without dataset-specific manual review.
TF,area TF of the parahippocampal cortex,Temporal,Temporal,Yes,TF,2,low_resolution,TF,TF,single_region_low_resolution,temporal lobe,temporal cortex,parahippocampal cortex,parahippocampal cortex,exact/common_anatomical_name,high,mapped by widely used anatomical name shared across macaque and public brain datasets,"AHBA/Allen Human Brain Atlas anatomical labels | GTEx tissue-level brain labels | TCGA/CGGA tumor location labels when available | Ivy GAP only as tumor microanatomic grouping, not normal-region ground truth",no_direct_normal_brain_region_mapping,True,Use as anatomical label harmonization. Do not interpret public human/tumor labels as exact Bo2023 macaque region ground truth without dataset-specific manual review.
TFO,area TFO of the parahippocampal cortex,Temporal,Temporal,Yes,TFO,8,low_resolution,Temporal::TEav + TFO,TEav | TFO,strong_internal_support,temporal lobe,temporal cortex,parahippocampal cortex,parahippocampal cortex,exact/common_anatomical_name,high,mapped by widely used anatomical name shared across macaque and public brain datasets,"AHBA/Allen Human Brain Atlas anatomical labels | GTEx tissue-level brain labels | TCGA/CGGA tumor location labels when available | Ivy GAP only as tumor microanatomic grouping, not normal-region ground truth",no_direct_normal_brain_region_mapping,True,Use as anatomical label harmonization. Do not interpret public human/tumor labels as exact Bo2023 macaque region ground truth without dataset-specific manual review.
TG,temporal pole,Temporal,Temporal,Yes,TG,4,low_resolution,TG,TG,single_region_low_resolution,temporal lobe,temporal cortex,temporal pole,temporal pole,exact/common_anatomical_name,high,mapped by widely used anatomical name shared across macaque and public brain datasets,"AHBA/Allen Human Brain Atlas anatomical labels | GTEx tissue-level brain labels | TCGA/CGGA tumor location labels when available | Ivy GAP only as tumor microanatomic grouping, not normal-region ground truth",no_direct_normal_brain_region_mapping,True,Use as anatomical label harmonization. Do not interpret public human/tumor labels as exact Bo2023 macaque region ground truth without dataset-specific manual review.
TPO,"area TPO,sts dorsal bank",Temporal,Temporal,Yes,TPO,11,low_resolution,Temporal::PGa + STG + TAa + TEa + TEad + TEm + TPO,PGa | STG | TAa | TEa | TEad | TEm | TPO,requires_manual_review,temporal lobe,temporal cortex,temporal cortex,"TPO; area TPO,sts dorsal bank; temporal cortex; temporal cortex",lobe/network,medium,mapped by Bo2023 lobe and Saleem network; exact cross-species area identity is not assumed,"AHBA/Allen Human Brain Atlas anatomical labels | GTEx tissue-level brain labels | TCGA/CGGA tumor location labels when available | Ivy GAP only as tumor microanatomic grouping, not normal-region ground truth",no_direct_normal_brain_region_mapping,True,Use as anatomical label harmonization. Do not interpret public human/tumor labels as exact Bo2023 macaque region ground truth without dataset-specific manual review.
Tpt,temporo-parietal area,Temporal,Temporal,Yes,Tpt,6,low_resolution,Temporal::AI + CL + CM + ML + Tpt,AI | CL | CM | ML | Tpt,moderate_internal_support,temporal lobe,temporal cortex,temporal cortex,Tpt; temporo-parietal area; temporal cortex; temporal cortex,lobe/network,medium,mapped by Bo2023 lobe and Saleem network; exact cross-species area identity is not assumed,"AHBA/Allen Human Brain Atlas anatomical labels | GTEx tissue-level brain labels | TCGA/CGGA tumor location labels when available | Ivy GAP only as tumor microanatomic grouping, not normal-region ground truth",no_direct_normal_brain_region_mapping,True,Use as anatomical label harmonization. Do not interpret public human/tumor labels as exact Bo2023 macaque region ground truth without dataset-specific manual review.
V1,"visual area 1, primary visual cortex",Occipital,Occipital/Temporal,Yes,V1,11,high_resolution,V1,V1,single_region_low_resolution,occipital lobe,visual occipital-temporal cortex,primary visual cortex,primary visual cortex; V1; occipital cortex,exact/common_anatomical_name,high,mapped by widely used anatomical name shared across macaque and public brain datasets,"AHBA/Allen Human Brain Atlas anatomical labels | GTEx tissue-level brain labels | TCGA/CGGA tumor location labels when available | Ivy GAP only as tumor microanatomic grouping, not normal-region ground truth",no_direct_normal_brain_region_mapping,True,Use as anatomical label harmonization. Do not interpret public human/tumor labels as exact Bo2023 macaque region ground truth without dataset-specific manual review.
V2,visual area 2,Occipital,Occipital/Temporal,Yes,V2,15,low_resolution,V2,V2,single_region_low_resolution,occipital lobe,visual occipital-temporal cortex,secondary visual cortex,V2; visual area 2; occipital cortex,exact/common_anatomical_name,high,mapped by widely used anatomical name shared across macaque and public brain datasets,"AHBA/Allen Human Brain Atlas anatomical labels | GTEx tissue-level brain labels | TCGA/CGGA tumor location labels when available | Ivy GAP only as tumor microanatomic grouping, not normal-region ground truth",no_direct_normal_brain_region_mapping,True,Use as anatomical label harmonization. Do not interpret public human/tumor labels as exact Bo2023 macaque region ground truth without dataset-specific manual review.
V3d,"visual area 3, dorsal part",Occipital,Occipital/Temporal,Yes,V3d,5,low_resolution,Occipital/Temporal::V3d + V3v + V4 + V4v,V3d | V3v | V4 | V4v,strong_internal_support,occipital lobe,visual occipital-temporal cortex,visual cortex area V3,V3; dorsal V3; occipital cortex,exact/common_anatomical_name,high,mapped by widely used anatomical name shared across macaque and public brain datasets,"AHBA/Allen Human Brain Atlas anatomical labels | GTEx tissue-level brain labels | TCGA/CGGA tumor location labels when available | Ivy GAP only as tumor microanatomic grouping, not normal-region ground truth",no_direct_normal_brain_region_mapping,True,Use as anatomical label harmonization. Do not interpret public human/tumor labels as exact Bo2023 macaque region ground truth without dataset-specific manual review.
V3v,"visual area 3, ventral part",Occipital,Occipital/Temporal,Yes,V3v,8,low_resolution,Occipital/Temporal::V3d + V3v + V4 + V4v,V3d | V3v | V4 | V4v,strong_internal_support,occipital lobe,visual occipital-temporal cortex,visual cortex area V3,V3; ventral V3; occipital cortex,exact/common_anatomical_name,high,mapped by widely used anatomical name shared across macaque and public brain datasets,"AHBA/Allen Human Brain Atlas anatomical labels | GTEx tissue-level brain labels | TCGA/CGGA tumor location labels when available | Ivy GAP only as tumor microanatomic grouping, not normal-region ground truth",no_direct_normal_brain_region_mapping,True,Use as anatomical label harmonization. Do not interpret public human/tumor labels as exact Bo2023 macaque region ground truth without dataset-specific manual review.
V4,"visual area 4,dorsal part",Occipital,Occipital/Temporal,Yes,V4,7,low_resolution,Occipital/Temporal::V3d + V3v + V4 + V4v,V3d | V3v | V4 | V4v,strong_internal_support,occipital lobe,visual occipital-temporal cortex,visual cortex area V4,V4; visual area 4; occipital/temporal visual cortex,exact/common_anatomical_name,high,mapped by widely used anatomical name shared across macaque and public brain datasets,"AHBA/Allen Human Brain Atlas anatomical labels | GTEx tissue-level brain labels | TCGA/CGGA tumor location labels when available | Ivy GAP only as tumor microanatomic grouping, not normal-region ground truth",no_direct_normal_brain_region_mapping,True,Use as anatomical label harmonization. Do not interpret public human/tumor labels as exact Bo2023 macaque region ground truth without dataset-specific manual review.
V4v,"visual area 4,ventral part",Occipital,Occipital/Temporal,Yes,V4v,7,low_resolution,Occipital/Temporal::V3d + V3v + V4 + V4v,V3d | V3v | V4 | V4v,strong_internal_support,occipital lobe,visual occipital-temporal cortex,visual cortex area V4,V4; ventral V4; occipital/temporal visual cortex,exact/common_anatomical_name,high,mapped by widely used anatomical name shared across macaque and public brain datasets,"AHBA/Allen Human Brain Atlas anatomical labels | GTEx tissue-level brain labels | TCGA/CGGA tumor location labels when available | Ivy GAP only as tumor microanatomic grouping, not normal-region ground truth",no_direct_normal_brain_region_mapping,True,Use as anatomical label harmonization. Do not interpret public human/tumor labels as exact Bo2023 macaque region ground truth without dataset-specific manual review.
VIP,ventral intraparietal area,Parietal,"Parietal, and Parieto-occipital region",Yes,VIP,11,low_resolution,"Parietal, and Parieto-occipital region::44563 + 5 + 7a + 7b + 7m + 7op + LIPv + VIP",44563 | 5 | 7a | 7b | 7m | 7op | LIPv | VIP,requires_manual_review,parietal lobe,parietal/parieto-occipital cortex,parietal/parieto-occipital cortex,VIP; ventral intraparietal area; parietal/parieto-occipital cortex; parietal cortex,lobe/network,medium,mapped by Bo2023 lobe and Saleem network; exact cross-species area identity is not assumed,"AHBA/Allen Human Brain Atlas anatomical labels | GTEx tissue-level brain labels | TCGA/CGGA tumor location labels when available | Ivy GAP only as tumor microanatomic grouping, not normal-region ground truth",no_direct_normal_brain_region_mapping,True,Use as anatomical label harmonization. Do not interpret public human/tumor labels as exact Bo2023 macaque region ground truth without dataset-specific manual review.
amy,amy,Subcortical,Subcortical,No,amy,8,low_resolution,amy,amy,single_region_low_resolution,subcortical structures,subcortical structures,amygdala,amygdala,exact/common_anatomical_name,high,mapped by widely used anatomical name shared across macaque and public brain datasets,"AHBA/Allen Human Brain Atlas anatomical labels | GTEx tissue-level brain labels | TCGA/CGGA tumor location labels when available | Ivy GAP only as tumor microanatomic grouping, not normal-region ground truth",no_direct_normal_brain_region_mapping,True,Use as anatomical label harmonization. Do not interpret public human/tumor labels as exact Bo2023 macaque region ground truth without dataset-specific manual review.
cd,cd,Subcortical,Subcortical,No,Striatum,8,low_resolution,Subcortical::NARegion + cd + pu,NARegion | cd | pu,moderate_internal_support,subcortical structures,subcortical structures,caudate,caudate nucleus; caudate,exact/common_anatomical_name,high,mapped by widely used anatomical name shared across macaque and public brain datasets,"AHBA/Allen Human Brain Atlas anatomical labels | GTEx tissue-level brain labels | TCGA/CGGA tumor location labels when available | Ivy GAP only as tumor microanatomic grouping, not normal-region ground truth",no_direct_normal_brain_region_mapping,True,Use as anatomical label harmonization. Do not interpret public human/tumor labels as exact Bo2023 macaque region ground truth without dataset-specific manual review.
cla,cla,Subcortical,Subcortical,No,Claustrum,1,low_resolution,cla,cla,single_region_low_resolution,subcortical structures,subcortical structures,claustrum,claustrum,exact/common_anatomical_name,high,mapped by widely used anatomical name shared across macaque and public brain datasets,"AHBA/Allen Human Brain Atlas anatomical labels | GTEx tissue-level brain labels | TCGA/CGGA tumor location labels when available | Ivy GAP only as tumor microanatomic grouping, not normal-region ground truth",no_direct_normal_brain_region_mapping,True,Use as anatomical label harmonization. Do not interpret public human/tumor labels as exact Bo2023 macaque region ground truth without dataset-specific manual review.
pu,pu,Subcortical,Subcortical,No,Striatum,9,low_resolution,Subcortical::NARegion + cd + pu,NARegion | cd | pu,moderate_internal_support,subcortical structures,subcortical structures,putamen,putamen,exact/common_anatomical_name,high,mapped by widely used anatomical name shared across macaque and public brain datasets,"AHBA/Allen Human Brain Atlas anatomical labels | GTEx tissue-level brain labels | TCGA/CGGA tumor location labels when available | Ivy GAP only as tumor microanatomic grouping, not normal-region ground truth",no_direct_normal_brain_region_mapping,True,Use as anatomical label harmonization. Do not interpret public human/tumor labels as exact Bo2023 macaque region ground truth without dataset-specific manual review.
thalamus,thalamus,Subcortical,Subcortical,No,TH,7,low_resolution,thalamus,thalamus,single_region_low_resolution,subcortical structures,subcortical structures,thalamus,thalamus,exact/common_anatomical_name,high,mapped by widely used anatomical name shared across macaque and public brain datasets,"AHBA/Allen Human Brain Atlas anatomical labels | GTEx tissue-level brain labels | TCGA/CGGA tumor location labels when available | Ivy GAP only as tumor microanatomic grouping, not normal-region ground truth",no_direct_normal_brain_region_mapping,True,Use as anatomical label harmonization. Do not interpret public human/tumor labels as exact Bo2023 macaque region ground truth without dataset-specific manual review.
